*Org,,,,
U422,UTAustin,TRUE,,
U502,UTDallas,TRUE,,
U430,RICE,TRUE,,
U693,Baylor,TRUE,,
U203,UoH,TRUE,,
U108,TAMU,TRUE,,
O931,NCAA,FALSE,,
O901,Woodlands,FALSE,,
O992,SouthTexas,FALSE,,
*Meet,,,,
NCAA_Summer,2007-05-06,4,O931,
Rice Invitational,2007-12-10,4,U430,
UT_Meet,2007-01-07,5,U422,
SouthConfed,2006-03-11,7,O992,
Rice_Winter,2006-05-12,4,U430,
*Participant,,,,
P187734 ,F,U502,Mary,
P239302 ,F,U430,Patricia,
P744651 ,F,U203,Linda,
P608878 ,M,U693,Lucas,
P779068 ,F,U203,Barbara,
P896191 ,F,U430,Elizabeth,
P596208 ,F,U693,Jennifer,
P946656 ,M,U430,Caden,
P512304 ,F,U422,Maria,
P888246 ,F,U502,Susan,
P411523 ,M,U502,Santiago,
P320247 ,M,U422,Mateo,
P174047 ,F,U693,Margaret,
P787951 ,F,U430,Dorothy,
P419077 ,F,U502,Serena,
P326451 ,F,U502,Lisa,
P844138 ,F,U430,Karen,
P375195 ,M,U422,Benjamin,
P350087 ,M,U422,Nicolas,
P782093 ,M,U502,Diego,
P944240 ,M,U693,Jackson,
P744201 ,F,U430,Betty,
P246719 ,M,U203,Liam,
P686315 ,M,U203,Noah,
P408363 ,F,U422,Sandra,
P363719 ,M,U430,Ethan,
P710107 ,F,U203,Donny,
P482516 ,M,U693,Jacob,
P892923 ,F,U430,Carol,
P503806 ,F,U430,Ruth,
P768448 ,F,U430,Cynthia,
P108977 ,F,U430,Anna,
P925991 ,M,U693,Samuel,
P126715 ,F,U502,Rebecca,
P801697 ,F,U203,Amy,
P257391 ,F,U693,Amanda,
P720454 ,M,U693,Matias,
P266751 ,F,U203,Amy,
P314927 ,F,U422,Karen,
P263779 ,F,U203,Catheine,
P581736 ,M,U203,Aiden,
P414627 ,M,U502,Mason,
P251935 ,F,U203,Frances,
P648329 ,F,U422,Shirley,
P595877 ,F,U693,Laura,
P315434 ,F,U430,Michelle,
P857171 ,M,U693,Sebastian,
P259364 ,F,U693,Amanda,
P472703 ,M,U203,Alejandro,
P373735 ,M,U203,Logan,
P667298 ,M,U422,Martin,
P551881 ,M,U502,Ethan,
P650269 ,F,U422,Gloria,
P966483 ,M,U502,Aiden,
P451875 ,M,U693,Elijah,
P214547 ,F,U430,Katherine,
P837450 ,M,U693,Liam,
P424921 ,M,U203,Joshua,
P326379 ,M,U430,Carter,
P814834 ,M,U502,Mason,
P385867 ,F,U430,Wanda,
P260428 ,M,U203,Jayden,
P313609 ,F,U693,Anjali,
P938149 ,F,U203,Aditi,
P673060 ,F,U693,Shreya,
P500771 ,F,U422,Kavya,
P774555 ,M,U430,Muhammad,
P343775 ,M,U422,Daniel,
P544338 ,M,U422,William,
P691498 ,M,U430,Eric,
P849004 ,M,U422,Jason,
P831647 ,F,U693,Victoria,
P531550 ,M,U422,David,
P761841 ,F,U502,Valeria,
P691951 ,M,U422,Mohammad,
P852515 ,M,U430,Jacob,
P614836 ,M,U422,Benjamin,
P152708 ,F,U502,Aliah,
P813991 ,M,U422,Daniel,
P296082 ,F,U502,Fatima,
P944182 ,F,U430,Abril,
P132685 ,F,U693,Ana Paula,
P896372 ,F,U430,Mary,
P282743 ,F,U430,Samantha,
P994822 ,M,U430,Jeremiah,
P422145 ,F,U430,Rose,
P999815 ,M,U203,Amir,
P244567 ,M,U422,Ethan,
P713611 ,F,U693,Winter,
P759847 ,F,U693,Victoria,
P627706 ,M,U203,Aiden,
P298187 ,M,U203,Ryan,
P354503 ,F,U693,Patricia,
P518763 ,F,U693,Linda,
P676479 ,F,U502,Susan,
P390796 ,M,U430,Lucas,
P126504 ,F,U422,Vivian,
P497862 ,F,U693,Loretta,
P722618 ,F,U430,Yolanda,
P387891 ,F,U430,June,
P198583 ,F,U693,Natalie,
P529632 ,M,U693,Joseph,
P281029 ,M,U422,Michael,
P716897 ,M,U203,Alexander,
P960306 ,M,U693,Samuel,
P862621 ,F,U430,Mia,
P163990 ,F,U693,Ava,
P615133 ,M,U422,Jack,
P350887 ,M,U422,Noah,
P544348 ,F,U502,Sophie,
P450947 ,F,U203,Isabel,
P926423 ,M,U693,Deven,
P697891 ,F,U422,Xu,
P478858 ,M,U430,Neil,
P951470 ,F,U430,Sarah,
P831119 ,F,U693,Xi,
P848881 ,M,U422,Arnav,
P114140 ,M,U203,Nikhil,
P561028 ,F,U693,Xian,
P132246 ,M,U430,Armaan,
P514806 ,F,U430,Elizabeth,
P443257 ,F,U693,Jessie,
P664643 ,M,U693,John,
P514607 ,F,U693,Agnes,
P307392 ,M,U693,Michael,
P364479 ,M,U502,William,
P893682 ,F,U693,Xilin,
P294836 ,M,U502,Richard,
P571660 ,M,U203,Charles,
P913591 ,M,U422,Joseph,
P870590 ,F,U203,Biyu,
P948241 ,M,U693,Ishaan,
P240255 ,F,U693,Hansika,
P451746 ,F,U422,Chunhua,
P998753 ,M,U430,Aryan,
P263690 ,F,U430,Gina,
P484371 ,F,U422,Natalie,
P334035 ,M,U430,David,
P393193 ,F,U693,Charline,
P194002 ,M,U430,Suraj,
P178934 ,M,U203,James,
P250591 ,F,U502,Chrn,
P146456 ,F,U693,Akilah,
P891266 ,M,U693,Robert,
P395940 ,F,U203,Aida,
P690976 ,M,U422,David,
P595277 ,F,U422,Alda,
P919641 ,M,U203,Thomas,
P477094 ,F,U502,Joy,
P490897 ,M,U502,Rohan,
P776309 ,F,U203,Maxine,
P493853 ,F,U203,Terry,
P722188 ,F,U693,Irma,
P333827 ,M,U693,John,
P171587 ,F,U203,Pratiksha,
P358275 ,F,U430,Sada,
P962214 ,F,U430,Saya,
P868463 ,M,U693,Christopher,
P123639 ,M,U502,Matt,
P503886 ,F,U422,Chaya,
P209774 ,M,U430,Nicky,
P305399 ,F,U422,Marian,
P828862 ,F,U693,Irma,
P420213 ,M,U203,Augustin,
P884623 ,F,U693,Geneva,
P263298 ,F,U430,Sabrina,
P628983 ,F,U693,Ada,
P158289 ,M,U203,Edward,
P717486 ,F,U693,Fada,
P801129 ,M,U693,Christopher,
P993334 ,M,U430,Lucky,
P402065 ,F,U693,Lindsay,
P306538 ,F,U203,Toni,
P783509 ,F,U693,Jessica,
P879800 ,M,U422,Pedro,
P772269 ,F,U502,Janet,
P552426 ,F,U693,Xilin,
P619446 ,M,U422,Lai,
P362851 ,M,U693,Carolyn,
P562400 ,F,U693,Christine,
P139417 ,M,U430,Ye,
P453891 ,F,U422,Amanda,
P877604 ,M,U203,David,
P834447 ,F,U422,Pamela,
P686988 ,F,U203,Debra,
P319962 ,M,U422,Dan,
P996063 ,F,U203,Stephanie,
P545233 ,F,U422,Carolyn,
P674970 ,M,U203,Santiago,
P853409 ,M,U693,George,
P308956 ,F,U203,Stephanie,
P855086 ,M,U430,Jeremy,
P216672 ,M,U693,Jimmy,
P712128 ,M,U693,Ryan,
P975231 ,F,U693,Kelsey,
P446185 ,M,U502,Rohan,
P109919 ,M,U693,Daven,
P643181 ,F,U203,Amanda,
P691294 ,F,U422,Stephanie,
P102099,F,U693,Rose,
*Stroke,,,,
Freestyle,,,,
Medley,,,,
Butterfly,,,,
Breaststroke,,,,
Backstroke,,,,
*Distance,,,,
100,,,,
200,,,,
400,,,,
*Event,,,,
E0107,M,Freestyle,100,
E0307,M,Medley,400,
E0407,F,Butterfly,200,
E0507,M,Breaststroke,100,
E1206,M,Butterfly,200,
E1107,F,Breaststroke,400,
E1007,F,Backstroke,100,
E0422,F,Medley,400,
E0212,M,Medley,200,
E9301,M,Freestyle,100,
E4142,F,Freestyle,100,
E7311,M,Butterfly,200,
E1302,M,Backstroke,400,
E5550,F,Freestyle,200,
E4133,M,Freestyle,100,
E1144,F,Medley,200,
E0218,F,Butterfly,400,
E2301,M,Backstroke,200,
*Heat,,,,
1,E0107,NCAA_Summer,,
2,E0107,NCAA_Summer,,
3,E0107,NCAA_Summer,,
4,E0107,NCAA_Summer,,
1,E0307,SouthConfed,,
2,E0307,SouthConfed,,
3,E0307,SouthConfed,,
1,E0407,Rice Invitational,,
2,E0407,Rice Invitational,,
1,E0507,UT_Meet,,
1,E1206,NCAA_Summer,,
2,E1206,NCAA_Summer,,
1,E1107,SouthConfed,,
1,E1007,NCAA_Summer,,
1,E0422,SouthConfed,,
1,E0212,NCAA_Summer,,
2,E0212,NCAA_Summer,,
3,E0212,NCAA_Summer,,
4,E0212,NCAA_Summer,,
5,E0212,NCAA_Summer,,
1,E9301,Rice Invitational,,
1,E4142,NCAA_Summer,,
1,E7311,SouthConfed,,
2,E7311,SouthConfed,,
1,E1302,UT_Meet,,
1,E5550,Rice Invitational,,
1,E4133,UT_Meet,,
2,E4133,UT_Meet,,
1,E1144,NCAA_Summer,,
1,E0218,Rice_Winter,,
1,E2301,Rice_Winter,,
*Swim,,,,
1,E0107,NCAA_Summer,P411523 ,16.3748389
1,E0107,NCAA_Summer,P948241 ,16.40396974
1,E0107,NCAA_Summer,P664643 ,13.53774055
1,E0107,NCAA_Summer,P686315 ,12.41570303
1,E0107,NCAA_Summer,P944240 ,12.85323514
1,E0107,NCAA_Summer,P966483 ,11.85759413
1,E0107,NCAA_Summer,P852515 ,13.66983274
1,E0107,NCAA_Summer,P614836 ,13.16557278
1,E0107,NCAA_Summer,P581736 ,14.87364167
1,E0107,NCAA_Summer,P849004 ,16.08096591
1,E0107,NCAA_Summer,P913591 ,13.89281903
1,E0107,NCAA_Summer,P619446 ,13.33658822
1,E0107,NCAA_Summer,P158289 ,15.16944529
1,E0107,NCAA_Summer,P925991 ,12.07877553
1,E0107,NCAA_Summer,P132246 ,13.78668953
1,E0107,NCAA_Summer,P319962 ,15.93167917
1,E0107,NCAA_Summer,P364479 ,12.9350458
1,E0107,NCAA_Summer,P334035 ,14.15704974
1,E0107,NCAA_Summer,P879800 ,14.74922689
1,E0107,NCAA_Summer,P390796 ,12.0014812
1,E0107,NCAA_Summer,P451875 ,11.77619264
1,E0107,NCAA_Summer,P544338 ,11.6987
1,E0107,NCAA_Summer,P960306 ,14.36935546
1,E0107,NCAA_Summer,P490897 ,15.39012376
1,E0107,NCAA_Summer,P891266 ,11.74815471
1,E0107,NCAA_Summer,P774555 ,13.97837989
1,E0107,NCAA_Summer,P424921 ,15.10959752
1,E0107,NCAA_Summer,P478858 ,16.40635479
1,E0107,NCAA_Summer,P350887 ,13.35034408
1,E0107,NCAA_Summer,P326379 ,12.7967373
1,E0107,NCAA_Summer,P216672 ,15.79399678
1,E0107,NCAA_Summer,P837450 ,13.04410977
1,E0107,NCAA_Summer,P712128 ,15.25016301
1,E0107,NCAA_Summer,P716897 ,15.11526456
1,E0107,NCAA_Summer,P853409 ,15.51859109
1,E0107,NCAA_Summer,P848881 ,14.51010493
1,E0107,NCAA_Summer,P109919 ,15.02830005
1,E0107,NCAA_Summer,P414627 ,15.99758282
1,E0107,NCAA_Summer,P482516 ,16.23452107
1,E0107,NCAA_Summer,P627706 ,14.3177182
1,E0107,NCAA_Summer,P615133 ,12.23758573
1,E0107,NCAA_Summer,P720454 ,12.56492605
1,E0107,NCAA_Summer,P855086 ,15.55049196
1,E0107,NCAA_Summer,P362851 ,16.39628913
1,E0107,NCAA_Summer,P999815 ,12.60083047
1,E0107,NCAA_Summer,P998753 ,14.64154804
1,E0107,NCAA_Summer,P994822 ,13.80495256
2,E0107,NCAA_Summer,P343775 ,15.74288599
2,E0107,NCAA_Summer,P691951 ,17.04155095
2,E0107,NCAA_Summer,P114140 ,11.5898
2,E0107,NCAA_Summer,P837450 ,13.11553992
2,E0107,NCAA_Summer,P420213 ,12.78151502
2,E0107,NCAA_Summer,P877604 ,12.36843211
2,E0107,NCAA_Summer,P614836 ,13.5179504
2,E0107,NCAA_Summer,P774555 ,13.26895283
2,E0107,NCAA_Summer,P375195 ,13.81376416
2,E0107,NCAA_Summer,P690976 ,15.29164391
2,E0107,NCAA_Summer,P472703 ,16.28594043
2,E0107,NCAA_Summer,P319962 ,14.72271235
2,E0107,NCAA_Summer,P373735 ,11.60800596
2,E0107,NCAA_Summer,P531550 ,16.17676112
2,E0107,NCAA_Summer,P294836 ,11.81469425
2,E0107,NCAA_Summer,P813991 ,11.91029952
2,E0107,NCAA_Summer,P571660 ,16.34337589
2,E0107,NCAA_Summer,P320247 ,15.12591199
2,E0107,NCAA_Summer,P364479 ,13.43104344
2,E0107,NCAA_Summer,P581736 ,13.00853035
2,E0107,NCAA_Summer,P246719 ,15.46315231
2,E0107,NCAA_Summer,P446185 ,13.62226847
2,E0107,NCAA_Summer,P814834 ,12.83787305
2,E0107,NCAA_Summer,P158289 ,16.07320422
2,E0107,NCAA_Summer,P350887 ,16.27118429
2,E0107,NCAA_Summer,P782093 ,16.87723462
2,E0107,NCAA_Summer,P925991 ,14.33638363
2,E0107,NCAA_Summer,P926423 ,12.24485412
2,E0107,NCAA_Summer,P139417 ,15.65476904
2,E0107,NCAA_Summer,P305399 ,15.01485778
2,E0107,NCAA_Summer,P296082 ,13.91027269
2,E0107,NCAA_Summer,P561028 ,15.88735199
2,E0107,NCAA_Summer,P779068 ,14.88796386
2,E0107,NCAA_Summer,P174047 ,16.5277275
2,E0107,NCAA_Summer,P962214 ,14.07580003
2,E0107,NCAA_Summer,P451746 ,16.68605254
2,E0107,NCAA_Summer,P419077 ,15.75410247
2,E0107,NCAA_Summer,P453891 ,12.54925464
2,E0107,NCAA_Summer,P552426 ,15.01077375
2,E0107,NCAA_Summer,P450947 ,14.53633902
2,E0107,NCAA_Summer,P358275 ,12.61267382
2,E0107,NCAA_Summer,P402065 ,16.62890189
2,E0107,NCAA_Summer,P484371 ,12.04906499
2,E0107,NCAA_Summer,P768448 ,13.77185263
2,E0107,NCAA_Summer,P744201 ,14.22006972
2,E0107,NCAA_Summer,P393193 ,15.12498059
2,E0107,NCAA_Summer,P198583 ,11.64234693
2,E0107,NCAA_Summer,P306538 ,15.03067709
2,E0107,NCAA_Summer,P722618 ,13.36662219
3,E0107,NCAA_Summer,P744651 ,13.2144709
3,E0107,NCAA_Summer,P772269 ,14.65523183
3,E0107,NCAA_Summer,P673060 ,15.51948156
3,E0107,NCAA_Summer,P315434 ,12.62829217
3,E0107,NCAA_Summer,P831119 ,16.89802727
3,E0107,NCAA_Summer,P595277 ,11.85598147
3,E0107,NCAA_Summer,P713611 ,14.29195673
3,E0107,NCAA_Summer,P313609 ,15.34075226
3,E0107,NCAA_Summer,P251935 ,17.99095688
3,E0107,NCAA_Summer,P844138 ,15.1812186
3,E0107,NCAA_Summer,P544348 ,12.37327832
3,E0107,NCAA_Summer,P643181 ,17.57399746
3,E0107,NCAA_Summer,P801697 ,16.29096987
3,E0107,NCAA_Summer,P282743 ,17.21586535
3,E0107,NCAA_Summer,P497862 ,13.11632395
3,E0107,NCAA_Summer,P503806 ,17.68036563
3,E0107,NCAA_Summer,P354503 ,14.38918012
3,E0107,NCAA_Summer,P126504 ,17.12245624
3,E0107,NCAA_Summer,P171587 ,12.06544583
3,E0107,NCAA_Summer,P102099,13.52452465
3,E0107,NCAA_Summer,P676479 ,17.83103051
3,E0107,NCAA_Summer,P717486 ,18.3687771
3,E0107,NCAA_Summer,P132685 ,14.03698192
3,E0107,NCAA_Summer,P834447 ,13.68146573
3,E0107,NCAA_Summer,P493853 ,11.70617453
3,E0107,NCAA_Summer,P214547 ,12.77938896
3,E0107,NCAA_Summer,P518763 ,16.48348075
3,E0107,NCAA_Summer,P266751 ,15.94297716
3,E0107,NCAA_Summer,P163990 ,11.86828583
3,E0107,NCAA_Summer,P562400 ,16.29509854
3,E0107,NCAA_Summer,P363719 ,12.9752733
3,E0107,NCAA_Summer,P478858 ,14.49850549
3,E0107,NCAA_Summer,P853409 ,12.12878686
3,E0107,NCAA_Summer,P298187 ,12.21837815
3,E0107,NCAA_Summer,P674970 ,14.84995278
3,E0107,NCAA_Summer,P307392 ,15.63315995
3,E0107,NCAA_Summer,P178934 ,18.28778595
3,E0107,NCAA_Summer,P814834 ,17.46121026
3,E0107,NCAA_Summer,P414627 ,12.52489882
3,E0107,NCAA_Summer,P334035 ,12.74124913
3,E0107,NCAA_Summer,P343775 ,13.95993742
3,E0107,NCAA_Summer,P774555 ,16.61100287
3,E0107,NCAA_Summer,P813991 ,16.13422424
3,E0107,NCAA_Summer,P446185 ,17.01328429
3,E0107,NCAA_Summer,P362851 ,11.96001619
3,E0107,NCAA_Summer,P720454 ,14.18824084
3,E0107,NCAA_Summer,P194002 ,16.85955895
3,E0107,NCAA_Summer,P420213 ,13.53054363
3,E0107,NCAA_Summer,P837450 ,16.78222465
3,E0107,NCAA_Summer,P868463 ,17.33782063
3,E0107,NCAA_Summer,P209774 ,16.82289323
3,E0107,NCAA_Summer,P948241 ,16.55663331
3,E0107,NCAA_Summer,P132246 ,15.70183794
3,E0107,NCAA_Summer,P581736 ,11.94360744
3,E0107,NCAA_Summer,P139417 ,13.02380132
3,E0107,NCAA_Summer,P855086 ,16.38907675
3,E0107,NCAA_Summer,P994822 ,15.31661125
3,E0107,NCAA_Summer,P482516 ,18.18587836
3,E0107,NCAA_Summer,P350887 ,16.53442993
3,E0107,NCAA_Summer,P123639 ,13.18581297
3,E0107,NCAA_Summer,P373735 ,13.46240041
3,E0107,NCAA_Summer,P216672 ,13.80138323
3,E0107,NCAA_Summer,P424921 ,16.94299984
3,E0107,NCAA_Summer,P801129 ,15.01749948
3,E0107,NCAA_Summer,P395940 ,13.83993914
3,E0107,NCAA_Summer,P174047 ,16.50993404
3,E0107,NCAA_Summer,P888246 ,17.30623055
3,E0107,NCAA_Summer,P512304 ,15.89148813
3,E0107,NCAA_Summer,P686988 ,13.89834756
3,E0107,NCAA_Summer,P477094 ,16.55176257
3,E0107,NCAA_Summer,P650269 ,16.50864067
3,E0107,NCAA_Summer,P944182 ,17.19703123
4,E0107,NCAA_Summer,P263779 ,11.55789
4,E0107,NCAA_Summer,P761841 ,13.31676473
4,E0107,NCAA_Summer,P266751 ,15.33125716
4,E0107,NCAA_Summer,P387891 ,12.41766544
4,E0107,NCAA_Summer,P187734 ,12.2234
4,E0107,NCAA_Summer,P451746 ,14.90350465
4,E0107,NCAA_Summer,P962214 ,13.55439857
4,E0107,NCAA_Summer,P198583 ,13.81837457
4,E0107,NCAA_Summer,P419077 ,13.17836356
4,E0107,NCAA_Summer,P561028 ,14.82261917
4,E0107,NCAA_Summer,P514806 ,12.78481811
4,E0107,NCAA_Summer,P893682 ,16.22098484
4,E0107,NCAA_Summer,P744651 ,12.83590553
4,E0107,NCAA_Summer,P257391 ,14.26662839
4,E0107,NCAA_Summer,P892923 ,14.17552066
4,E0107,NCAA_Summer,P240255 ,14.35385682
4,E0107,NCAA_Summer,P250591 ,13.05579963
4,E0107,NCAA_Summer,P801697 ,16.85917404
4,E0107,NCAA_Summer,P768448 ,14.80383614
4,E0107,NCAA_Summer,P759847 ,15.45435268
4,E0107,NCAA_Summer,P643181 ,15.45031006
4,E0107,NCAA_Summer,P251935 ,15.15582819
4,E0107,NCAA_Summer,P831119 ,15.05953456
4,E0107,NCAA_Summer,P171587 ,15.61505972
4,E0107,NCAA_Summer,P358275 ,14.61895978
4,E0107,NCAA_Summer,P497862 ,16.43620776
4,E0107,NCAA_Summer,P870590 ,15.80364721
4,E0107,NCAA_Summer,P544348 ,16.07393214
4,E0107,NCAA_Summer,P214547 ,16.58957992
4,E0107,NCAA_Summer,P503806 ,13.13958708
4,E0107,NCAA_Summer,P308956 ,16.34765301
4,E0107,NCAA_Summer,P648329 ,12.470765
4,E0107,NCAA_Summer,P713611 ,12.94298989
4,E0107,NCAA_Summer,P975231 ,14.49954143
4,E0107,NCAA_Summer,P697891 ,13.73054872
4,E0107,NCAA_Summer,P717486 ,13.90544205
4,E0107,NCAA_Summer,P518763 ,13.36098695
4,E0107,NCAA_Summer,P776309 ,16.43079364
4,E0107,NCAA_Summer,P163990 ,16.78270687
4,E0107,NCAA_Summer,P126715 ,15.2502052
4,E0107,NCAA_Summer,P306538 ,12.63890433
1,E0212,NCAA_Summer,P500771 ,15.91251103
1,E0212,NCAA_Summer,P862621 ,14.09482232
1,E0212,NCAA_Summer,P962214 ,16.61721096
1,E0212,NCAA_Summer,P493853 ,12.37693376
1,E0212,NCAA_Summer,P951470 ,13.69878
1,E0212,NCAA_Summer,P944182 ,13.70576857
1,E0212,NCAA_Summer,P393193 ,15.33703491
1,E0212,NCAA_Summer,P259364 ,11.84730055
1,E0212,NCAA_Summer,P240255 ,11.21775506
1,E0212,NCAA_Summer,P102099,14.59758848
1,E0212,NCAA_Summer,P314927 ,11.73986518
1,E0212,NCAA_Summer,P831119 ,10.27461296
1,E0212,NCAA_Summer,P870590 ,13.39602667
1,E0212,NCAA_Summer,P187734 ,14.49461789
1,E0212,NCAA_Summer,P313609 ,10.31611006
1,E0212,NCAA_Summer,P214547 ,12.42516619
1,E0212,NCAA_Summer,P697891 ,11.64423963
1,E0212,NCAA_Summer,P354503 ,12.50112519
1,E0212,NCAA_Summer,P596208 ,13.16208447
1,E0212,NCAA_Summer,P250591 ,9.65784
1,E0212,NCAA_Summer,P761841 ,9.876524517
1,E0212,NCAA_Summer,P251935 ,12.62401857
1,E0212,NCAA_Summer,P722188 ,11.42698006
1,E0212,NCAA_Summer,P408363 ,12.06361227
1,E0212,NCAA_Summer,P996063 ,14.04302873
1,E0212,NCAA_Summer,P545233 ,10.06488443
1,E0212,NCAA_Summer,P263690 ,10.3606922
1,E0212,NCAA_Summer,P673060 ,10.74569961
1,E0212,NCAA_Summer,P239302 ,14.79137261
1,E0212,NCAA_Summer,P305399 ,14.84280914
1,E0212,NCAA_Summer,P783509 ,11.39609975
1,E0212,NCAA_Summer,P552426 ,14.98760365
1,E0212,NCAA_Summer,P385867 ,14.06470172
1,E0212,NCAA_Summer,P893682 ,13.89443365
1,E0212,NCAA_Summer,P710107 ,13.78928537
1,E0212,NCAA_Summer,P216672 ,15.42063285
1,E0212,NCAA_Summer,P246719 ,13.21443475
1,E0212,NCAA_Summer,P420213 ,12.73675216
1,E0212,NCAA_Summer,P813991 ,12.22534474
1,E0212,NCAA_Summer,P411523 ,9.920128795
1,E0212,NCAA_Summer,P362851 ,11.86522163
1,E0212,NCAA_Summer,P281029 ,14.93087283
1,E0212,NCAA_Summer,P720454 ,15.18051824
1,E0212,NCAA_Summer,P194002 ,10.17624508
1,E0212,NCAA_Summer,P478858 ,10.42761111
1,E0212,NCAA_Summer,P472703 ,15.25571549
1,E0212,NCAA_Summer,P581736 ,10.56720163
1,E0212,NCAA_Summer,P334035 ,12.93454769
1,E0212,NCAA_Summer,P877604 ,13.13212094
1,E0212,NCAA_Summer,P946656 ,13.19887088
1,E0212,NCAA_Summer,P925991 ,11.55482064
1,E0212,NCAA_Summer,P944240 ,14.07321917
1,E0212,NCAA_Summer,P544338 ,11.05938083
1,E0212,NCAA_Summer,P919641 ,10.35813919
1,E0212,NCAA_Summer,P375195 ,10.91173197
1,E0212,NCAA_Summer,P691951 ,11.86747216
1,E0212,NCAA_Summer,P837450 ,12.87277164
1,E0212,NCAA_Summer,P993334 ,9.698855155
1,E0212,NCAA_Summer,P782093 ,10.14036131
1,E0212,NCAA_Summer,P998753 ,14.54220634
1,E0212,NCAA_Summer,P307392 ,11.0780158
1,E0212,NCAA_Summer,P333827 ,11.66506738
1,E0212,NCAA_Summer,P109919 ,12.81919994
1,E0212,NCAA_Summer,P614836 ,9.751429104
2,E0212,NCAA_Summer,P627706 ,14.79676062
2,E0212,NCAA_Summer,P855086 ,10.23174148
2,E0212,NCAA_Summer,P891266 ,14.41267227
2,E0212,NCAA_Summer,P716897 ,13.51138815
2,E0212,NCAA_Summer,P363719 ,14.26271601
2,E0212,NCAA_Summer,P158289 ,14.5045356
2,E0212,NCAA_Summer,P132246 ,13.06320008
2,E0212,NCAA_Summer,P852515 ,15.93672051
2,E0212,NCAA_Summer,P529632 ,13.12589725
2,E0212,NCAA_Summer,P608878 ,11.77896
2,E0212,NCAA_Summer,P667298 ,16.10024716
2,E0212,NCAA_Summer,P712128 ,12.56180197
2,E0212,NCAA_Summer,P373735 ,14.83557756
2,E0212,NCAA_Summer,P615133 ,13.83752956
2,E0212,NCAA_Summer,P364479 ,13.93884592
2,E0212,NCAA_Summer,P877604 ,16.32750494
2,E0212,NCAA_Summer,P139417 ,13.65719651
2,E0212,NCAA_Summer,P849004 ,16.19679941
2,E0212,NCAA_Summer,P946656 ,12.35364569
2,E0212,NCAA_Summer,P879800 ,12.44456371
2,E0212,NCAA_Summer,P478858 ,12.76123859
2,E0212,NCAA_Summer,P837450 ,15.5557161
2,E0212,NCAA_Summer,P925991 ,11.84862579
2,E0212,NCAA_Summer,P350087 ,15.76992214
2,E0212,NCAA_Summer,P686315 ,15.86390058
2,E0212,NCAA_Summer,P544338 ,15.68176644
2,E0212,NCAA_Summer,P375195 ,14.31256419
2,E0212,NCAA_Summer,P619446 ,14.22032261
2,E0212,NCAA_Summer,P350887 ,13.51185168
2,E0212,NCAA_Summer,P244567 ,15.82313427
2,E0212,NCAA_Summer,P216672 ,15.71227481
2,E0212,NCAA_Summer,P451875 ,13.24209283
2,E0212,NCAA_Summer,P994822 ,13.00889281
2,E0212,NCAA_Summer,P664643 ,14.06343204
2,E0212,NCAA_Summer,P326379 ,13.70977638
2,E0212,NCAA_Summer,P674970 ,14.04305344
2,E0212,NCAA_Summer,P857171 ,14.90842621
2,E0212,NCAA_Summer,P581736 ,16.49888129
2,E0212,NCAA_Summer,P571660 ,16.03397033
2,E0212,NCAA_Summer,P294836 ,12.64206643
2,E0212,NCAA_Summer,P691951 ,14.54187962
2,E0212,NCAA_Summer,P281029 ,14.31953702
2,E0212,NCAA_Summer,P720454 ,15.24331625
2,E0212,NCAA_Summer,P960306 ,12.39208061
2,E0212,NCAA_Summer,P114140 ,14.64437284
2,E0212,NCAA_Summer,P194002 ,12.63058902
2,E0212,NCAA_Summer,P801129 ,13.69966783
2,E0212,NCAA_Summer,P966483 ,15.08972129
2,E0212,NCAA_Summer,P424921 ,15.71710102
3,E0212,NCAA_Summer,P260428 ,12.36412958
3,E0212,NCAA_Summer,P926423 ,12.03997352
3,E0212,NCAA_Summer,P962214 ,13.37041737
3,E0212,NCAA_Summer,P263298 ,16.66525707
3,E0212,NCAA_Summer,P484371 ,15.43348129
3,E0212,NCAA_Summer,P314927 ,13.39115502
3,E0212,NCAA_Summer,P451746 ,12.16875771
3,E0212,NCAA_Summer,P545233 ,16.09624306
3,E0212,NCAA_Summer,P358275 ,12.85738313
3,E0212,NCAA_Summer,P772269 ,13.73888936
3,E0212,NCAA_Summer,P686988 ,16.09372124
3,E0212,NCAA_Summer,P710107 ,12.71363501
3,E0212,NCAA_Summer,P776309 ,11.2841921
3,E0212,NCAA_Summer,P884623 ,12.87448994
3,E0212,NCAA_Summer,P512304 ,15.60327863
3,E0212,NCAA_Summer,P562400 ,14.07541765
3,E0212,NCAA_Summer,P443257 ,15.18787929
3,E0212,NCAA_Summer,P643181 ,14.74731248
3,E0212,NCAA_Summer,P263690 ,13.91439626
3,E0212,NCAA_Summer,P402065 ,14.40708965
3,E0212,NCAA_Summer,P996063 ,12.20718786
3,E0212,NCAA_Summer,P450947 ,15.74983528
3,E0212,NCAA_Summer,P552426 ,15.45773607
3,E0212,NCAA_Summer,P198583 ,11.44713612
3,E0212,NCAA_Summer,P453891 ,12.39320166
3,E0212,NCAA_Summer,P787951 ,12.30080854
3,E0212,NCAA_Summer,P387891 ,14.44450866
3,E0212,NCAA_Summer,P801697 ,12.65183782
3,E0212,NCAA_Summer,P951470 ,11.70138361
3,E0212,NCAA_Summer,P648329 ,14.41663315
3,E0212,NCAA_Summer,P761841 ,12.36812731
3,E0212,NCAA_Summer,P503806 ,15.53447373
3,E0212,NCAA_Summer,P477094 ,14.74921392
3,E0212,NCAA_Summer,P834447 ,15.99439634
3,E0212,NCAA_Summer,P152708 ,11.68737858
3,E0212,NCAA_Summer,P308956 ,12.65246516
3,E0212,NCAA_Summer,P844138 ,12.01366218
3,E0212,NCAA_Summer,P385867 ,11.41901573
3,E0212,NCAA_Summer,P326451 ,16.68526674
3,E0212,NCAA_Summer,P697891 ,13.53900827
3,E0212,NCAA_Summer,P240255 ,14.56108302
3,E0212,NCAA_Summer,P239302 ,15.14661616
3,E0212,NCAA_Summer,P888246 ,13.28665378
3,E0212,NCAA_Summer,P561028 ,12.200582
3,E0212,NCAA_Summer,P251935 ,16.55257193
3,E0212,NCAA_Summer,P717486 ,14.88998029
3,E0212,NCAA_Summer,P296082 ,15.91781492
3,E0212,NCAA_Summer,P870590 ,15.33223734
3,E0212,NCAA_Summer,P514806 ,13.34344681
3,E0212,NCAA_Summer,P171587 ,15.41552445
3,E0212,NCAA_Summer,P514607 ,12.31867641
3,E0212,NCAA_Summer,P500771 ,15.06780339
3,E0212,NCAA_Summer,P744651 ,16.28156072
1,E0307,SouthConfed,P862621 ,13.25539203
1,E0307,SouthConfed,P552426 ,14.21931233
1,E0307,SouthConfed,P503806 ,10.98636
1,E0307,SouthConfed,P544348 ,11.16441204
1,E0307,SouthConfed,P306538 ,11.64086642
1,E0307,SouthConfed,P779068 ,11.83580678
1,E0307,SouthConfed,P834447 ,12.56785393
1,E0307,SouthConfed,P893682 ,13.06382911
1,E0307,SouthConfed,P263690 ,16.4014135
1,E0307,SouthConfed,P146456 ,12.49301231
1,E0307,SouthConfed,P126504 ,17.35208283
1,E0307,SouthConfed,P282743 ,16.67756591
1,E0307,SouthConfed,P450947 ,15.9768438
1,E0307,SouthConfed,P477094 ,14.80081601
1,E0307,SouthConfed,P315434 ,11.84758772
1,E0307,SouthConfed,P787951 ,16.12068625
1,E0307,SouthConfed,P451746 ,16.54280649
1,E0307,SouthConfed,P673060 ,12.39221068
1,E0307,SouthConfed,P783509 ,12.16235924
1,E0307,SouthConfed,P892923 ,13.16446824
1,E0307,SouthConfed,P387891 ,14.58001008
1,E0307,SouthConfed,P650269 ,16.1432543
1,E0307,SouthConfed,P358275 ,13.38451082
1,E0307,SouthConfed,P831647 ,12.62364375
1,E0307,SouthConfed,P198583 ,11.80007796
1,E0307,SouthConfed,P776309 ,12.98580404
1,E0307,SouthConfed,P896372 ,15.18511175
1,E0307,SouthConfed,P484371 ,13.64228411
1,E0307,SouthConfed,P453891 ,13.19878974
1,E0307,SouthConfed,P975231 ,14.84666623
1,E0307,SouthConfed,P595877 ,15.04656189
1,E0307,SouthConfed,P697891 ,11.81904924
1,E0307,SouthConfed,P801697 ,14.67793424
1,E0307,SouthConfed,P772269 ,15.68420126
1,E0307,SouthConfed,P759847 ,13.10333473
1,E0307,SouthConfed,P393193 ,17.58778377
1,E0307,SouthConfed,P691294 ,16.76697196
1,E0307,SouthConfed,P951470 ,15.57573517
1,E0307,SouthConfed,P385867 ,13.56899689
1,E0307,SouthConfed,P250591 ,11.6458626
1,E0307,SouthConfed,P761841 ,16.9665266
1,E0307,SouthConfed,P443257 ,11.46083429
1,E0307,SouthConfed,P493853 ,15.45670017
1,E0307,SouthConfed,P713611 ,11.97529549
1,E0307,SouthConfed,P497862 ,12.37291329
1,E0307,SouthConfed,P174047 ,17.21402184
1,E0307,SouthConfed,P710107 ,17.57409064
1,E0307,SouthConfed,P722188 ,15.67576901
1,E0307,SouthConfed,P263779 ,13.43626585
1,E0307,SouthConfed,P686988 ,13.23998369
1,E0307,SouthConfed,P408363 ,12.54834678
1,E0307,SouthConfed,P595277 ,14.08597911
1,E0307,SouthConfed,P214547 ,15.81541787
1,E0307,SouthConfed,P514607 ,12.18023202
1,E0307,SouthConfed,P239302 ,12.78840521
1,E0307,SouthConfed,P259364 ,16.21841393
1,E0307,SouthConfed,P844138 ,13.75400279
1,E0307,SouthConfed,P628983 ,16.41304975
2,E0307,SouthConfed,P545233 ,14.44506045
2,E0307,SouthConfed,P282743 ,13.93743465
2,E0307,SouthConfed,P518763 ,16.62910526
2,E0307,SouthConfed,P263690 ,14.25753562
2,E0307,SouthConfed,P102099,11.57761576
2,E0307,SouthConfed,P944182 ,16.73032644
2,E0307,SouthConfed,P240255 ,12.95287055
2,E0307,SouthConfed,P552426 ,11.0879
2,E0307,SouthConfed,P146456 ,17.75614247
2,E0307,SouthConfed,P503886 ,13.75241992
2,E0307,SouthConfed,P896191 ,11.84077107
2,E0307,SouthConfed,P308956 ,17.49116594
2,E0307,SouthConfed,P171587 ,15.38442931
2,E0307,SouthConfed,P250591 ,14.87225265
2,E0307,SouthConfed,P650269 ,15.95868028
2,E0307,SouthConfed,P306538 ,11.13771202
2,E0307,SouthConfed,P975231 ,17.13264443
2,E0307,SouthConfed,P198583 ,17.84937545
2,E0307,SouthConfed,P944240 ,11.32345941
2,E0307,SouthConfed,P868463 ,16.448465
2,E0307,SouthConfed,P848881 ,17.54229768
2,E0307,SouthConfed,P350087 ,17.76498501
2,E0307,SouthConfed,P571660 ,11.27436483
2,E0307,SouthConfed,P948241 ,14.70887668
2,E0307,SouthConfed,P490897 ,14.94364833
2,E0307,SouthConfed,P390796 ,13.8599297
2,E0307,SouthConfed,P712128 ,14.05983666
2,E0307,SouthConfed,P298187 ,13.55033712
2,E0307,SouthConfed,P551881 ,13.02958706
2,E0307,SouthConfed,P478858 ,13.71326533
2,E0307,SouthConfed,P375195 ,17.39313078
2,E0307,SouthConfed,P420213 ,17.43445312
2,E0307,SouthConfed,P472703 ,15.41716427
2,E0307,SouthConfed,P691951 ,13.45264273
2,E0307,SouthConfed,P877604 ,15.13746218
2,E0307,SouthConfed,P891266 ,16.18398798
2,E0307,SouthConfed,P209774 ,12.6755641
2,E0307,SouthConfed,P139417 ,13.30633873
2,E0307,SouthConfed,P581736 ,11.57085709
2,E0307,SouthConfed,P690976 ,11.9014409
2,E0307,SouthConfed,P813991 ,12.4669607
2,E0307,SouthConfed,P993334 ,14.25963261
2,E0307,SouthConfed,P373735 ,15.80789909
2,E0307,SouthConfed,P627706 ,11.39563426
2,E0307,SouthConfed,P852515 ,13.17089366
2,E0307,SouthConfed,P158289 ,16.57637558
2,E0307,SouthConfed,P946656 ,17.29626711
2,E0307,SouthConfed,P529632 ,17.66843799
2,E0307,SouthConfed,P326379 ,14.41679002
2,E0307,SouthConfed,P998753 ,11.70251252
2,E0307,SouthConfed,P994822 ,16.35136192
2,E0307,SouthConfed,P531550 ,15.21576111
2,E0307,SouthConfed,P307392 ,14.48967916
2,E0307,SouthConfed,P720454 ,11.70636386
2,E0307,SouthConfed,P362851 ,16.71615654
2,E0307,SouthConfed,P294836 ,12.15972217
2,E0307,SouthConfed,P123639 ,15.2729211
2,E0307,SouthConfed,P674970 ,11.22614644
2,E0307,SouthConfed,P774555 ,14.21103815
2,E0307,SouthConfed,P178934 ,15.97071125
2,E0307,SouthConfed,P926423 ,16.90110051
2,E0307,SouthConfed,P608878 ,14.58669902
2,E0307,SouthConfed,P363719 ,17.30943846
3,E0307,SouthConfed,P194002 ,15.72634668
3,E0307,SouthConfed,P993334 ,14.35975391
3,E0307,SouthConfed,P298187 ,12.31487939
3,E0307,SouthConfed,P801129 ,14.18427476
3,E0307,SouthConfed,P855086 ,11.18093943
3,E0307,SouthConfed,P667298 ,12.86809542
3,E0307,SouthConfed,P244567 ,11.89185334
3,E0307,SouthConfed,P664643 ,17.09832607
3,E0307,SouthConfed,P411523 ,11.96272002
3,E0307,SouthConfed,P390796 ,15.68943173
3,E0307,SouthConfed,P837450 ,15.49217529
3,E0307,SouthConfed,P246719 ,15.66206652
3,E0307,SouthConfed,P615133 ,11.71437732
3,E0307,SouthConfed,P686315 ,16.07990638
3,E0307,SouthConfed,P813991 ,12.58475709
3,E0307,SouthConfed,P877604 ,16.21419155
3,E0307,SouthConfed,P446185 ,16.96651184
3,E0307,SouthConfed,P571660 ,14.78203369
3,E0307,SouthConfed,P891266 ,10.99999
3,E0307,SouthConfed,P960306 ,17.75361098
3,E0307,SouthConfed,P716897 ,17.14316816
3,E0307,SouthConfed,P853409 ,17.26380388
3,E0307,SouthConfed,P551881 ,19.08382691
3,E0307,SouthConfed,P482516 ,17.0022361
3,E0307,SouthConfed,P691951 ,18.48799269
3,E0307,SouthConfed,P132246 ,12.97436
3,E0307,SouthConfed,P782093 ,18.79825804
3,E0307,SouthConfed,P948241 ,14.13371925
3,E0307,SouthConfed,P333827 ,16.83046844
3,E0307,SouthConfed,P614836 ,16.73926557
3,E0307,SouthConfed,P114140 ,13.63879214
3,E0307,SouthConfed,P857171 ,15.28377271
3,E0307,SouthConfed,P362851 ,14.57961252
3,E0307,SouthConfed,P608878 ,19.41746141
3,E0307,SouthConfed,P158289 ,15.35441752
3,E0307,SouthConfed,P852515 ,14.30142857
3,E0307,SouthConfed,P414627 ,13.18613941
3,E0307,SouthConfed,P420213 ,17.83258046
3,E0307,SouthConfed,P913591 ,15.09899151
3,E0307,SouthConfed,P350087 ,14.04492094
3,E0307,SouthConfed,P373735 ,17.35315338
3,E0307,SouthConfed,P946656 ,14.7469702
3,E0307,SouthConfed,P334035 ,14.95981312
3,E0307,SouthConfed,P178934 ,13.47671077
3,E0307,SouthConfed,P849004 ,18.65882253
3,E0307,SouthConfed,P868463 ,16.20990001
3,E0307,SouthConfed,P774555 ,18.7623238
3,E0307,SouthConfed,P257391 ,15.76701721
3,E0307,SouthConfed,P326451 ,17.0436267
3,E0307,SouthConfed,P393193 ,16.88873696
3,E0307,SouthConfed,P251935 ,14.76760446
3,E0307,SouthConfed,P263690 ,16.8524346
3,E0307,SouthConfed,P174047 ,18.37690666
3,E0307,SouthConfed,P744201 ,18.33549015
3,E0307,SouthConfed,P650269 ,17.8282885
3,E0307,SouthConfed,P402065 ,16.35724678
3,E0307,SouthConfed,P126715 ,17.52433731
3,E0307,SouthConfed,P108977 ,13.80073203
3,E0307,SouthConfed,P896191 ,18.01368222
3,E0307,SouthConfed,P354503 ,16.96961501
3,E0307,SouthConfed,P308956 ,13.1505824
3,E0307,SouthConfed,P686988 ,14.13099789
3,E0307,SouthConfed,P884623 ,19.22478004
1,E0407,Rice Invitational,P828862 ,19.03165068
1,E0407,Rice Invitational,P503806 ,14.41356382
1,E0407,Rice Invitational,P503886 ,15.2556463
1,E0407,Rice Invitational,P146456 ,17.64789025
1,E0407,Rice Invitational,P779068 ,16.05009922
1,E0407,Rice Invitational,P422145 ,15.88302173
1,E0407,Rice Invitational,P419077 ,14.93682794
1,E0407,Rice Invitational,P801697 ,14.15747687
1,E0407,Rice Invitational,P831119 ,16.59485621
1,E0407,Rice Invitational,P844138 ,17.56680897
1,E0407,Rice Invitational,P187734 ,18.84905254
1,E0407,Rice Invitational,P561028 ,13.97324276
1,E0407,Rice Invitational,P938149 ,16.06845731
1,E0407,Rice Invitational,P451746 ,16.53571707
1,E0407,Rice Invitational,P514806 ,13.3443649
1,E0407,Rice Invitational,P834447 ,17.86738805
1,E0407,Rice Invitational,P691294 ,18.14595991
1,E0407,Rice Invitational,P776309 ,18.55746819
1,E0407,Rice Invitational,P596208 ,15.54221263
1,E0407,Rice Invitational,P263779 ,15.66522228
1,E0407,Rice Invitational,P870590 ,17.99627247
1,E0407,Rice Invitational,P716897 ,18.1780748
1,E0407,Rice Invitational,P849004 ,10.55814666
1,E0407,Rice Invitational,P837450 ,11.15725046
1,E0407,Rice Invitational,P774555 ,11.59308396
1,E0407,Rice Invitational,P298187 ,12.11235199
1,E0407,Rice Invitational,P608878 ,15.23738918
1,E0407,Rice Invitational,P123639 ,12.92244561
1,E0407,Rice Invitational,P690976 ,12.55686017
1,E0407,Rice Invitational,P782093 ,12.44943194
1,E0407,Rice Invitational,P686315 ,10.68046412
1,E0407,Rice Invitational,P216672 ,14.39607282
1,E0407,Rice Invitational,P194002 ,10.94392356
1,E0407,Rice Invitational,P877604 ,14.9870769
1,E0407,Rice Invitational,P294836 ,13.43815358
1,E0407,Rice Invitational,P451875 ,11.77227176
1,E0407,Rice Invitational,P373735 ,9.948703242
1,E0407,Rice Invitational,P424921 ,12.50880031
1,E0407,Rice Invitational,P490897 ,10.26704278
1,E0407,Rice Invitational,P139417 ,13.73024104
1,E0407,Rice Invitational,P855086 ,11.95799701
1,E0407,Rice Invitational,P209774 ,16.69136585
1,E0407,Rice Invitational,P691951 ,10.38492953
1,E0407,Rice Invitational,P178934 ,13.96003846
1,E0407,Rice Invitational,P472703 ,11.72141218
1,E0407,Rice Invitational,P390796 ,13.0298189
1,E0407,Rice Invitational,P446185 ,11.38513487
1,E0407,Rice Invitational,P944240 ,14.92432718
1,E0407,Rice Invitational,P109919 ,12.46298261
1,E0407,Rice Invitational,P720454 ,10.64893677
1,E0407,Rice Invitational,P667298 ,11.82580861
1,E0407,Rice Invitational,P319962 ,9.762165551
1,E0407,Rice Invitational,P260428 ,11.29497175
1,E0407,Rice Invitational,P114140 ,14.72376084
1,E0407,Rice Invitational,P960306 ,13.10036623
1,E0407,Rice Invitational,P163990 ,13.27609644
1,E0407,Rice Invitational,P862621 ,14.39293897
1,E0407,Rice Invitational,P240255 ,13.74460098
2,E0407,Rice Invitational,P896372 ,12.81906809
2,E0407,Rice Invitational,P263690 ,15.26046973
2,E0407,Rice Invitational,P503806 ,13.33348968
2,E0407,Rice Invitational,P595277 ,11.91448512
2,E0407,Rice Invitational,P686988 ,12.25512843
2,E0407,Rice Invitational,P722618 ,11.9663631
2,E0407,Rice Invitational,P126715 ,11.55876
2,E0407,Rice Invitational,P146456 ,13.71372293
2,E0407,Rice Invitational,P408363 ,11.76712886
2,E0407,Rice Invitational,P512304 ,13.64191617
2,E0407,Rice Invitational,P759847 ,14.24840181
2,E0407,Rice Invitational,P975231 ,16.59114549
2,E0407,Rice Invitational,P132685 ,13.14128974
2,E0407,Rice Invitational,P713611 ,15.73033154
2,E0407,Rice Invitational,P552426 ,14.13212218
2,E0407,Rice Invitational,P450947 ,12.31412261
2,E0407,Rice Invitational,P326451 ,11.91683549
2,E0407,Rice Invitational,P514607 ,14.0143626
2,E0407,Rice Invitational,P744201 ,16.06072221
2,E0407,Rice Invitational,P787951 ,13.99450764
2,E0407,Rice Invitational,P385867 ,12.40507177
2,E0407,Rice Invitational,P477094 ,10.99078687
2,E0407,Rice Invitational,P710107 ,14.79610152
2,E0407,Rice Invitational,P544348 ,13.86374745
2,E0407,Rice Invitational,P691294 ,16.0207249
2,E0407,Rice Invitational,P884623 ,11.6356506
2,E0407,Rice Invitational,P484371 ,13.82668376
2,E0407,Rice Invitational,P938149 ,15.06595618
2,E0407,Rice Invitational,P697891 ,13.5279352
2,E0407,Rice Invitational,P831119 ,13.75451807
2,E0407,Rice Invitational,P776309 ,9.67777
2,E0407,Rice Invitational,P239302 ,12.75226494
2,E0407,Rice Invitational,P893682 ,13.23985719
2,E0407,Rice Invitational,P772269 ,13.81839454
2,E0407,Rice Invitational,P834447 ,15.41617078
2,E0407,Rice Invitational,P282743 ,14.89692257
2,E0407,Rice Invitational,P676479 ,14.48430624
2,E0407,Rice Invitational,P596208 ,12.70713114
2,E0407,Rice Invitational,P308956 ,14.58452123
2,E0407,Rice Invitational,P962214 ,16.44985509
2,E0407,Rice Invitational,P214547 ,10.41703143
2,E0407,Rice Invitational,P453891 ,16.21925734
2,E0407,Rice Invitational,P892923 ,13.58057398
2,E0407,Rice Invitational,P198583 ,12.12467382
2,E0407,Rice Invitational,P628983 ,10.83589183
2,E0407,Rice Invitational,P493853 ,12.20539547
2,E0407,Rice Invitational,P305399 ,14.07052229
2,E0407,Rice Invitational,P951470 ,10.1101646
2,E0407,Rice Invitational,P855086 ,15.47295531
2,E0407,Rice Invitational,P420213 ,10.62549643
2,E0407,Rice Invitational,P667298 ,13.45397219
2,E0407,Rice Invitational,P853409 ,13.51202411
2,E0407,Rice Invitational,P363719 ,13.10986463
2,E0407,Rice Invitational,P362851 ,11.58305507
2,E0407,Rice Invitational,P123639 ,11.08601277
1,E0422,SouthConfed,P615133 ,14.64582834
1,E0422,SouthConfed,P926423 ,13.36510095
1,E0422,SouthConfed,P551881 ,15.54709607
1,E0422,SouthConfed,P948241 ,14.32862504
1,E0422,SouthConfed,P691951 ,15.74619699
1,E0422,SouthConfed,P114140 ,10.13885808
1,E0422,SouthConfed,P664643 ,13.54993232
1,E0422,SouthConfed,P109919 ,14.09616607
1,E0422,SouthConfed,P490897 ,12.62253783
1,E0422,SouthConfed,P132246 ,14.430954
1,E0422,SouthConfed,P281029 ,12.88002869
1,E0422,SouthConfed,P814834 ,16.33370445
1,E0422,SouthConfed,P852515 ,14.97740304
1,E0422,SouthConfed,P581736 ,15.03808278
1,E0422,SouthConfed,P686315 ,14.91482435
1,E0422,SouthConfed,P478858 ,15.88321499
1,E0422,SouthConfed,P966483 ,14.7079808
1,E0422,SouthConfed,P925991 ,10.2392593
1,E0422,SouthConfed,P307392 ,15.06545203
1,E0422,SouthConfed,P782093 ,12.35419086
1,E0422,SouthConfed,P627706 ,12.50826977
1,E0422,SouthConfed,P857171 ,12.44952993
1,E0422,SouthConfed,P619446 ,9.778478735
1,E0422,SouthConfed,P837450 ,15.55291728
1,E0422,SouthConfed,P674970 ,12.5091891
1,E0422,SouthConfed,P244567 ,12.56954212
1,E0422,SouthConfed,P350087 ,12.6515586
1,E0422,SouthConfed,P294836 ,9.035564
1,E0422,SouthConfed,P960306 ,15.4778978
1,E0422,SouthConfed,P139417 ,15.84345935
1,E0422,SouthConfed,P451875 ,15.25836329
1,E0422,SouthConfed,P614836 ,12.25285922
1,E0422,SouthConfed,P855086 ,13.98944199
1,E0422,SouthConfed,P362851 ,11.5731778
1,E0422,SouthConfed,P608878 ,15.35037051
1,E0422,SouthConfed,P158289 ,15.0735303
1,E0422,SouthConfed,P414627 ,14.64330622
1,E0422,SouthConfed,P420213 ,10.90846627
1,E0422,SouthConfed,P891266 ,12.62222012
1,E0422,SouthConfed,P913591 ,13.0895745
1,E0422,SouthConfed,P390796 ,9.164730576
1,E0422,SouthConfed,P373735 ,11.08113941
1,E0422,SouthConfed,P946656 ,12.01123736
1,E0422,SouthConfed,P334035 ,12.38031129
1,E0422,SouthConfed,P178934 ,12.64910786
1,E0507,UT_Meet,P849004 ,15.65906893
1,E0507,UT_Meet,P716897 ,12.66430361
1,E0507,UT_Meet,P868463 ,10.93908418
1,E0507,UT_Meet,P774555 ,13.29556609
1,E0507,UT_Meet,P257391 ,11.7900158
1,E0507,UT_Meet,P326451 ,11.17167614
1,E0507,UT_Meet,P393193 ,13.74503552
1,E0507,UT_Meet,P251935 ,9.651204662
1,E0507,UT_Meet,P263690 ,9.4670024
1,E0507,UT_Meet,P174047 ,12.43551888
1,E0507,UT_Meet,P744201 ,10.84450542
1,E0507,UT_Meet,P650269 ,13.27497422
1,E0507,UT_Meet,P402065 ,12.35924287
1,E0507,UT_Meet,P126715 ,11.41722339
1,E0507,UT_Meet,P108977 ,14.64001417
1,E0507,UT_Meet,P896191 ,12.62475763
1,E0507,UT_Meet,P354503 ,13.34034785
1,E0507,UT_Meet,P308956 ,11.97463103
1,E0507,UT_Meet,P686988 ,11.81118366
1,E0507,UT_Meet,P884623 ,10.69945481
1,E0507,UT_Meet,P828862 ,12.36633668
1,E0507,UT_Meet,P503806 ,16.42112904
1,E0507,UT_Meet,P503886 ,9.244336009
1,E0507,UT_Meet,P146456 ,13.45764055
1,E0507,UT_Meet,P779068 ,15.0607372
1,E0507,UT_Meet,P422145 ,16.49376228
1,E0507,UT_Meet,P419077 ,11.8292125
1,E0507,UT_Meet,P801697 ,12.28850132
1,E0507,UT_Meet,P722618 ,10.5818538
1,E0507,UT_Meet,P686315 ,12.44405892
1,E0507,UT_Meet,P877604 ,10.37473962
1,E0507,UT_Meet,P691951 ,14.529744
1,E0507,UT_Meet,P691294 ,12.91664634
1,E0507,UT_Meet,P451875 ,15.01272479
1,E0507,UT_Meet,P710107 ,10.86560359
1,E0507,UT_Meet,P676479 ,15.23447833
1,E0507,UT_Meet,P544348 ,15.87718891
1,E0507,UT_Meet,P114140 ,11.96533437
1,E0507,UT_Meet,P123639 ,15.06363258
1,E0507,UT_Meet,P109919 ,13.9341367
1,E0507,UT_Meet,P484371 ,10.02622198
1,E0507,UT_Meet,P975231 ,10.55896
1,E0507,UT_Meet,P962214 ,10.19318808
1,E0507,UT_Meet,P831119 ,10.33761337
1,E0507,UT_Meet,P214547 ,9.913818735
1,E0507,UT_Meet,P782093 ,11.09639014
1,E0507,UT_Meet,P477094 ,16.51613435
1,E0507,UT_Meet,P855086 ,8.72670957
1,E0507,UT_Meet,P390796 ,12.79068518
1,E0507,UT_Meet,P514806 ,10.51895685
1,E0507,UT_Meet,P294836 ,11.30810713
1,E0507,UT_Meet,P561028 ,14.2545089
1,E0507,UT_Meet,P472703 ,14.40922705
1,E0507,UT_Meet,P951470 ,11.05454443
1,E0507,UT_Meet,P552426 ,11.64008347
1,E0507,UT_Meet,P667298 ,11.54731162
1,E0507,UT_Meet,P608878 ,11.40811153
1,E1007,NCAA_Summer,P478858 ,13.65514532
1,E1007,NCAA_Summer,P493853 ,11.43105936
1,E1007,NCAA_Summer,P362851 ,14.83859993
1,E1007,NCAA_Summer,P870590 ,11.26560294
1,E1007,NCAA_Summer,P759847 ,12.81518162
1,E1007,NCAA_Summer,P787951 ,14.07694154
1,E1007,NCAA_Summer,P596208 ,8.55664
1,E1007,NCAA_Summer,P691294 ,11.04760656
1,E1007,NCAA_Summer,P828862 ,16.25493603
1,E1007,NCAA_Summer,P490897 ,15.90519955
1,E1007,NCAA_Summer,P893682 ,11.32409648
1,E1007,NCAA_Summer,P690976 ,11.61498865
1,E1007,NCAA_Summer,P326451 ,10.72763144
1,E1007,NCAA_Summer,P451875 ,16.07947678
1,E1007,NCAA_Summer,P713611 ,9.813589421
1,E1007,NCAA_Summer,P451746 ,12.55605694
1,E1007,NCAA_Summer,P198583 ,11.9818721
1,E1007,NCAA_Summer,P512304 ,12.02337184
1,E1007,NCAA_Summer,P420213 ,15.66215993
1,E1007,NCAA_Summer,P139417 ,11.87989783
1,E1007,NCAA_Summer,P853409 ,10.4268467
1,E1007,NCAA_Summer,P109919 ,10.28153618
1,E1007,NCAA_Summer,P514607 ,12.11914773
1,E1007,NCAA_Summer,P373735 ,12.0624112
1,E1007,NCAA_Summer,P308956 ,9.292992641
1,E1007,NCAA_Summer,P948241 ,12.7684579
1,E1007,NCAA_Summer,P814834 ,14.36592566
1,E1007,NCAA_Summer,P716897 ,11.49876389
1,E1007,NCAA_Summer,P123639 ,10.46172339
1,E1007,NCAA_Summer,P263779 ,13.83855238
1,E1007,NCAA_Summer,P260428 ,15.50015794
1,E1007,NCAA_Summer,P132246 ,12.92320517
1,E1007,NCAA_Summer,P581736 ,16.61680876
1,E1007,NCAA_Summer,P146456 ,14.84281111
1,E1007,NCAA_Summer,P194002 ,14.17246815
1,E1007,NCAA_Summer,P686988 ,15.96249728
1,E1007,NCAA_Summer,P834447 ,15.17222658
1,E1007,NCAA_Summer,P132685 ,15.41220824
1,E1007,NCAA_Summer,P960306 ,13.3534012
1,E1007,NCAA_Summer,P837450 ,16.35778623
1,E1007,NCAA_Summer,P779068 ,16.60067915
1,E1007,NCAA_Summer,P307392 ,17.47486193
1,E1007,NCAA_Summer,P281029 ,13.5318357
1,E1007,NCAA_Summer,P363719 ,14.27119624
1,E1007,NCAA_Summer,P674970 ,16.15926578
1,E1007,NCAA_Summer,P862621 ,16.25308419
1,E1007,NCAA_Summer,P419077 ,15.68626948
1,E1107,SouthConfed,P944240 ,12.85445561
1,E1107,SouthConfed,P178934 ,15.76690657
1,E1107,SouthConfed,P844138 ,14.34946009
1,E1107,SouthConfed,P782093 ,14.68704108
1,E1107,SouthConfed,P664643 ,14.47646258
1,E1107,SouthConfed,P896372 ,16.52310095
1,E1107,SouthConfed,P408363 ,17.15676598
1,E1107,SouthConfed,P503806 ,13.11523755
1,E1107,SouthConfed,P385867 ,17.36299494
1,E1107,SouthConfed,P925991 ,14.5793366
1,E1107,SouthConfed,P744201 ,15.23706728
1,E1107,SouthConfed,P628983 ,17.48222495
1,E1107,SouthConfed,P503886 ,13.66351136
1,E1107,SouthConfed,P244567 ,13.97600229
1,E1107,SouthConfed,P209774 ,17.07473989
1,E1107,SouthConfed,P892923 ,13.18262387
1,E1107,SouthConfed,P350087 ,14.62144151
1,E1107,SouthConfed,P216672 ,17.25046277
1,E1107,SouthConfed,P776309 ,15.03067638
1,E1107,SouthConfed,P852515 ,15.06082371
1,E1107,SouthConfed,P263690 ,16.80735535
1,E1107,SouthConfed,P595277 ,14.34482428
1,E1107,SouthConfed,P490897 ,12.69752
1,E1107,SouthConfed,P720454 ,14.25293298
1,E1107,SouthConfed,P163990 ,12.9155067
1,E1107,SouthConfed,P926423 ,14.89437409
1,E1107,SouthConfed,P114140 ,15.03915709
1,E1107,SouthConfed,P884623 ,16.92408615
1,E1107,SouthConfed,P686315 ,13.64628408
1,E1107,SouthConfed,P240255 ,13.86489535
1,E1107,SouthConfed,P938149 ,9.746428197
1,E1107,SouthConfed,P772269 ,13.68586749
1,E1107,SouthConfed,P627706 ,10.67681932
1,E1107,SouthConfed,P187734 ,13.71464987
1,E1107,SouthConfed,P139417 ,12.45305563
1,E1107,SouthConfed,P615133 ,15.63138426
1,E1107,SouthConfed,P857171 ,12.27104228
1,E1107,SouthConfed,P619446 ,15.63473997
1,E1107,SouthConfed,P801697 ,9.68576
1,E1107,SouthConfed,P305399 ,15.16301552
1,E1206,NCAA_Summer,P834447 ,14.26127118
1,E1206,NCAA_Summer,P239302 ,15.1995097
1,E1206,NCAA_Summer,P294836 ,13.62935128
1,E1206,NCAA_Summer,P126715 ,13.89330374
1,E1206,NCAA_Summer,P450947 ,14.44783941
1,E1206,NCAA_Summer,P691951 ,10.08390523
1,E1206,NCAA_Summer,P697891 ,14.55603203
1,E1206,NCAA_Summer,P884623 ,13.68560267
1,E1206,NCAA_Summer,P966483 ,15.96525364
1,E1206,NCAA_Summer,P551881 ,11.93576699
1,E1206,NCAA_Summer,P424921 ,15.27840122
1,E1206,NCAA_Summer,P422145 ,13.34405186
1,E1206,NCAA_Summer,P298187 ,11.72673764
1,E1206,NCAA_Summer,P282743 ,13.37641269
1,E1206,NCAA_Summer,P938149 ,13.31847027
1,E1206,NCAA_Summer,P686988 ,15.10052758
1,E1206,NCAA_Summer,P446185 ,16.00599687
1,E1206,NCAA_Summer,P667298 ,13.14450341
1,E1206,NCAA_Summer,P453891 ,13.84612879
1,E1206,NCAA_Summer,P319962 ,14.55774722
1,E1206,NCAA_Summer,P307392 ,11.52619502
1,E1206,NCAA_Summer,P132246 ,9.927367475
1,E1206,NCAA_Summer,P782093 ,14.49721435
1,E1206,NCAA_Summer,P925991 ,10.7658583
1,E1206,NCAA_Summer,P837450 ,13.86008496
1,E1206,NCAA_Summer,P674970 ,14.87428643
1,E1206,NCAA_Summer,P244567 ,16.19438185
1,E1206,NCAA_Summer,P664643 ,15.48694324
1,E1206,NCAA_Summer,P853409 ,14.71293667
1,E1206,NCAA_Summer,P420213 ,14.72692031
1,E1206,NCAA_Summer,P350087 ,12.50662921
1,E1206,NCAA_Summer,P960306 ,13.89769869
1,E1206,NCAA_Summer,P123639 ,15.38537411
1,E1206,NCAA_Summer,P615133 ,13.29360855
1,E1206,NCAA_Summer,P451875 ,13.06026526
1,E1206,NCAA_Summer,P744201 ,14.9768661
1,E1206,NCAA_Summer,P628983 ,16.16944443
1,E1206,NCAA_Summer,P503886 ,11.36255692
1,E1206,NCAA_Summer,P209774 ,10.96157841
1,E1206,NCAA_Summer,P892923 ,11.90015748
1,E1206,NCAA_Summer,P216672 ,13.62515063
1,E1206,NCAA_Summer,P776309 ,14.90084718
1,E1206,NCAA_Summer,P852515 ,14.00188864
1,E1206,NCAA_Summer,P263690 ,13.45039521
1,E1206,NCAA_Summer,P595277 ,15.76993692
1,E1206,NCAA_Summer,P490897 ,10.99641683
1,E1206,NCAA_Summer,P720454 ,12.67586018
1,E1206,NCAA_Summer,P163990 ,14.79776118
1,E1206,NCAA_Summer,P926423 ,12.84477865
1,E1206,NCAA_Summer,P114140 ,14.19371855
1,E1206,NCAA_Summer,P686315 ,16.04007196
1,E1206,NCAA_Summer,P240255 ,12.0619299
1,E1206,NCAA_Summer,P772269 ,14.07945219
1,E1206,NCAA_Summer,P627706 ,14.24559135
1,E1206,NCAA_Summer,P187734 ,10.4634547
1,E1206,NCAA_Summer,P139417 ,11.72588196
1,E1206,NCAA_Summer,P857171 ,12.80430332
2,E1206,NCAA_Summer,P619446 ,13.05796
2,E1206,NCAA_Summer,P862621 ,14.40182841
2,E1206,NCAA_Summer,P896372 ,14.16702315
2,E1206,NCAA_Summer,P503806 ,13.5434612
2,E1206,NCAA_Summer,P722618 ,9.859423887
2,E1206,NCAA_Summer,P146456 ,10.60252782
2,E1206,NCAA_Summer,P503886 ,12.93481546
2,E1206,NCAA_Summer,P779068 ,14.9247555
2,E1206,NCAA_Summer,P422145 ,16.23765867
2,E1206,NCAA_Summer,P419077 ,10.2721285
2,E1206,NCAA_Summer,P801697 ,14.6291895
2,E1206,NCAA_Summer,P686315 ,15.65761945
2,E1206,NCAA_Summer,P877604 ,15.45028972
2,E1206,NCAA_Summer,P691951 ,13.89834312
2,E1206,NCAA_Summer,P849004 ,15.38166605
2,E1206,NCAA_Summer,P774555 ,13.18105446
2,E1206,NCAA_Summer,P691294 ,13.48831354
2,E1206,NCAA_Summer,P451875 ,13.6184794
2,E1206,NCAA_Summer,P710107 ,16.36125561
2,E1206,NCAA_Summer,P676479 ,15.49659594
2,E1206,NCAA_Summer,P544348 ,14.28924884
2,E1206,NCAA_Summer,P114140 ,12.17124938
2,E1206,NCAA_Summer,P123639 ,13.95252119
2,E1206,NCAA_Summer,P109919 ,13.80571145
2,E1206,NCAA_Summer,P484371 ,13.12052227
2,E1206,NCAA_Summer,P281029 ,15.03613374
2,E1206,NCAA_Summer,P627706 ,11.1904696
2,E1206,NCAA_Summer,P667298 ,12.61906489
2,E1206,NCAA_Summer,P720454 ,11.79582364
2,E1206,NCAA_Summer,P960306 ,11.88651764
2,E1206,NCAA_Summer,P194002 ,15.02888843
2,E1206,NCAA_Summer,P801129 ,10.98066591
2,E1206,NCAA_Summer,P716897 ,13.07306192
2,E1206,NCAA_Summer,P966483 ,11.77839167
2,E1206,NCAA_Summer,P852515 ,13.72238641
2,E1206,NCAA_Summer,P424921 ,11.26241279
2,E1206,NCAA_Summer,P260428 ,13.45466518
2,E1206,NCAA_Summer,P926423 ,15.24121473
2,E1206,NCAA_Summer,P962214 ,14.39673016
2,E1206,NCAA_Summer,P263298 ,14.10645402
2,E1206,NCAA_Summer,P975231 ,14.30533724
2,E1206,NCAA_Summer,P831119 ,11.59334509
2,E1206,NCAA_Summer,P214547 ,14.71295141
2,E1206,NCAA_Summer,P782093 ,12.11817717
2,E1206,NCAA_Summer,P477094 ,14.36350799
2,E1206,NCAA_Summer,P855086 ,13.75667862
2,E1206,NCAA_Summer,P390796 ,10.90309275
2,E1206,NCAA_Summer,P514806 ,11.07383795
2,E1206,NCAA_Summer,P294836 ,13.3773915
2,E1206,NCAA_Summer,P664643 ,12.28975713